round,slice,frame,object_ref,cell,what,why,severity,owner,rule_id,evidence,action,rules_version,note
calib,C0,adasind_019560.jpg,L3,na,SPURIOUS,,,,,,,,
calib,C0,adasind_019560.jpg,L6,na,SPURIOUS,,,,,,,,
calib,C0,adasind_019560.jpg,R5,na,MISSING,,,,,,,,
r2_qa,B4-dense,adasind_258420.jpg,L5,L_only,SPURIOUS,,,annotator,R01,,,,
r2_qa,B4-dense,adasind_258420.jpg,na,L_only,MISSING,,,annotator,R06,,,,
r1_craft,B4-dense,adasind_258420.jpg,L7+R5,na,BOX_GEOMETRY,,,,,,,,
r1_craft,B4-dense,adasind_258420.jpg,R3,na,MISSING,,,,,,,,
r1_craft,B4-dense,adasind_270517.jpg,R3,na,MISSING,,,,,,,,
r3_diag,B4-dense,adasind_258420.jpg,L1+R8,LR_noM,MISSING,E4_model_domain,P2,ai_team,,,escalate,,
r3_diag,B4-dense,adasind_258420.jpg,L2+R4,LR_noM,MISSING,E4_model_domain,P2,ai_team,,,escalate,,
r3_diag,B4-dense,adasind_258420.jpg,L3+R1,LR_noM,MISSING,E4_model_domain,P2,ai_team,,,escalate,,
r3_diag,B4-dense,adasind_258420.jpg,L7+M6,LM_noR,SPURIOUS,E4_model_domain,P2,ai_team,,,escalate,,
r3_diag,B4-dense,adasind_258420.jpg,R3,R_only,MISSING,E4_model_domain,P2,ai_team,,,escalate,,
r3_diag,B4-dense,adasind_258420.jpg,R5,R_only,MISSING,E4_model_domain,P2,ai_team,,,escalate,,
r3_diag,B4-dense,adasind_258420.jpg,M3,M_only,SPURIOUS,E4_model_domain,P2,ai_team,,,escalate,,
r3_diag,B4-dense,adasind_258420.jpg,M4,M_only,SPURIOUS,E4_model_domain,P2,ai_team,,,escalate,,
r3_diag,B4-dense,adasind_258420.jpg,M5,M_only,SPURIOUS,E4_model_domain,P2,ai_team,,,escalate,,
r3_diag,B4-dense,adasind_258420.jpg,M7,M_only,SPURIOUS,E4_model_domain,P2,ai_team,,,escalate,,
r3_diag,B4-dense,adasind_258420.jpg,M8,M_only,SPURIOUS,E4_model_domain,P2,ai_team,,,escalate,,
r3_diag,B4-dense,adasind_258420.jpg,M10,M_only,SPURIOUS,E4_model_domain,P2,ai_team,,,escalate,,
r3_diag,B4-dense,adasind_258420.jpg,M11,M_only,SPURIOUS,E4_model_domain,P2,ai_team,,,escalate,,
r3_diag,B4-dense,adasind_270517.jpg,L2+R4,LR_noM,MISSING,E4_model_domain,P2,ai_team,,,escalate,,
r3_diag,B4-dense,adasind_270517.jpg,L1+R2,LR_noM,MISSING,E4_model_domain,P2,ai_team,,,escalate,,
r3_diag,B4-dense,adasind_270517.jpg,R3+M2,RM_noL,MISSING,E4_model_domain,P2,ai_team,,,escalate,,
r3_diag,B4-dense,adasind_270517.jpg,M5,M_only,SPURIOUS,E4_model_domain,P2,ai_team,,,escalate,,
r3_diag,B4-dense,adasind_270517.jpg,M6,M_only,SPURIOUS,E4_model_domain,P2,ai_team,,,escalate,,
r3_diag,B4-dense,adasind_270517.jpg,M7,M_only,SPURIOUS,E4_model_domain,P2,ai_team,,,escalate,,
r3_diag,B4-dense,adasind_270517.jpg,M9,M_only,SPURIOUS,E4_model_domain,P2,ai_team,,,escalate,,
r3_diag,B4-dense,adasind_270517.jpg,M10,M_only,SPURIOUS,E4_model_domain,P2,ai_team,,,escalate,,
r3_diag,B4-dense,adasind_270517.jpg,M11,M_only,SPURIOUS,E4_model_domain,P2,ai_team,,,escalate,,
r3_diag,B4-dense,adasind_310008.jpg,L2+R1,LR_noM,MISSING,E4_model_domain,P2,ai_team,,,escalate,,
r3_diag,B4-dense,adasind_310008.jpg,M6,M_only,SPURIOUS,E4_model_domain,P2,ai_team,,,escalate,,
r3_diag,B4-dense,adasind_310008.jpg,M7,M_only,SPURIOUS,E4_model_domain,P2,ai_team,,,escalate,,
r2_qa,B4-dense,adasind_310008.jpg,L1,L_only,MISSING,,P2,annotator,R06,,,,
r2_qa,B4-dense,adasind_258420.jpg,L4,na,SPURIOUS,,P2,qa,R10,qa_overlay,keep_with_reason,,QA chấm sai. Đã gộp 1 box Bike từ đầu.
